시도,시군구,2008,2009,2010,2011,2012,2013,2014,2015,2016,2017,2018,2019,2020,2021,2022,2023,2024
서울,강남구,10.3,8.7,8.6,11.8,8.8,14.4,9.4,12.8,11.6,9.6,13.4,11.2,10.4,6.1,10.3,9.1,11.2
서울,강동구,14.6,11.7,16.4,17.4,16.6,13.6,13.2,14.1,11.4,12.1,11.1,14.7,7.3,6.4,9.0,10.9,13.4
서울,강북구,15.4,12.7,10.2,14.5,12.0,15.8,18.8,13.4,15.6,17.0,16.2,17.7,12.4,13.3,16.0,18.0,14.0
서울,강서구,15.9,10.1,10.1,15.1,10.7,13.7,11.8,12.7,11.7,13.5,13.7,11.7,8.9,8.9,12.8,12.1,13.0
서울,관악구,13.0,15.7,14.9,12.8,11.4,15.7,14.3,15.3,11.1,12.4,14.5,11.3,8.9,11.1,10.3,10.1,11.3
서울,광진구,19.8,15.8,11.8,16.0,16.4,10.8,12.0,13.8,14.4,11.3,14.1,14.2,9.3,11.1,11.9,13.0,11.4
서울,구로구,15.4,15.7,13.8,17.5,11.1,12.7,16.0,11.7,12.4,14.3,12.6,12.2,10.4,8.1,13.3,12.4,13.1
서울,금천구,19.4,12.5,16.7,12.9,13.3,13.9,15.8,15.1,16.8,19.4,15.1,15.0,9.5,13.2,13.4,9.7,13.2
서울,노원구,13.9,12.9,14.3,16.1,12.3,16.5,16.4,16.5,14.3,14.2,11.2,14.1,7.0,6.4,9.5,11.1,11.1
서울,도봉구,8.6,13.9,13.1,16.8,15.7,11.6,13.5,16.6,14.4,15.6,16.0,14.1,11.5,10.2,10.6,12.0,11.9
서울,동대문구,14.0,15.8,12.4,16.5,13.8,14.1,16.2,18.0,15.3,18.6,15.6,22.3,10.6,9.7,12.4,12.5,10.6
서울,동작구,14.1,12.0,12.3,12.3,12.0,15.1,11.4,14.3,11.4,12.7,13.1,11.6,10.8,6.6,11.4,14.0,11.1
서울,마포구,15.2,12.5,10.7,9.9,13.1,16.5,13.9,13.9,10.4,13.1,13.8,12.7,11.2,8.9,9.3,8.3,10.2
서울,서대문구,14.2,11.5,12.7,11.5,13.5,13.8,11.3,16.4,13.6,15.1,15.1,15.0,6.7,8.1,8.3,10.1,10.9
서울,서초구,9.7,9.1,9.7,12.1,10.8,11.3,8.8,13.5,12.8,9.5,10.7,9.4,8.3,7.5,9.5,7.2,9.1
서울,성동구,15.9,12.5,9.5,15.6,10.5,15.5,14.5,13.0,13.4,14.9,15.6,14.8,12.4,7.0,10.2,10.0,10.3
서울,성북구,11.3,12.6,13.1,15.9,16.7,17.3,13.9,14.0,15.0,16.1,18.8,12.8,11.4,8.4,10.5,13.7,10.4
서울,송파구,11.7,9.1,7.6,12.5,10.5,12.2,9.2,14.0,12.3,11.9,10.1,15.0,8.6,10.6,9.5,10.6,10.0
서울,양천구,16.4,13.1,13.0,12.0,9.9,13.9,11.5,15.9,12.6,16.3,13.3,11.8,7.4,11.9,9.9,10.6,10.5
서울,영등포구,12.6,12.3,13.4,15.8,13.1,12.0,16.1,14.7,10.7,15.6,13.5,13.5,10.7,8.2,9.3,11.0,11.0
서울,용산구,17.1,16.7,9.4,14.5,14.2,11.4,14.2,16.0,15.0,12.3,11.9,11.9,12.1,11.1,8.0,11.8,11.4
서울,은평구,17.6,12.7,8.7,14.2,13.1,13.1,17.3,13.9,13.7,14.8,14.4,14.1,8.3,9.7,10.2,11.3,11.3
서울,종로구,14.9,13.8,14.8,16.4,10.4,11.7,14.2,14.5,15.4,14.6,11.2,15.6,7.1,9.8,7.0,11.5,12.0
서울,중구,9.3,13.5,9.3,14.0,15.7,12.2,13.2,14.9,15.7,11.7,14.7,11.9,5.9,5.6,8.1,8.3,9.0
서울,중랑구,18.1,11.8,15.8,18.9,15.0,17.1,16.9,15.4,16.4,18.2,18.3,14.3,12.7,11.2,11.7,11.6,13.9
부산,강서구,14.6,11.4,13.0,12.3,11.4,13.0,12.1,13.9,14.8,15.7,13.2,16.9,9.8,10.7,13.9,14.8,13.7
부산,금정구,12.1,9.4,11.7,15.1,14.2,16.3,14.6,15.2,14.0,13.3,21.8,13.0,10.6,8.3,13.5,8.6,10.2
부산,기장군,17.5,14.4,11.0,12.8,15.5,19.8,16.4,18.1,14.7,14.2,13.2,10.8,8.0,11.3,15.6,15.4,14.3
부산,남구,14.1,13.2,13.5,15.5,10.6,15.2,17.6,13.8,14.2,16.9,17.3,15.8,10.7,13.2,14.0,13.5,15.0
부산,동구,20.9,18.4,16.1,15.4,14.5,16.3,15.0,18.3,18.9,21.4,17.6,13.4,11.4,11.5,14.7,15.2,11.4
부산,동래구,14.4,10.9,11.6,13.7,16.0,15.3,15.8,14.8,15.9,12.0,12.8,11.6,11.8,9.4,14.6,13.5,11.3
부산,부산진구,12.3,13.9,14.9,16.8,16.2,13.9,17.3,19.0,16.4,12.9,18.1,13.2,12.0,12.2,13.2,12.8,14.6
부산,북구,11.3,12.6,13.8,15.8,13.5,15.6,12.4,14.7,14.3,16.6,17.7,17.8,16.5,11.7,13.2,14.1,11.2
부산,사상구,15.3,17.8,15.8,15.9,15.6,18.6,17.1,17.4,14.7,15.8,18.0,16.0,13.8,13.3,13.6,15.3,13.0
부산,사하구,13.6,13.2,15.4,16.9,17.3,17.4,13.8,15.6,16.1,16.9,16.5,14.2,10.1,8.4,15.2,10.6,10.1
부산,서구,11.0,12.5,15.1,16.0,13.7,15.8,13.2,17.6,15.7,16.8,18.5,12.0,10.6,9.7,13.7,12.9,8.8
부산,수영구,12.6,14.2,8.8,11.2,11.3,16.2,15.5,15.8,11.0,10.3,12.9,12.4,11.4,10.8,14.2,13.2,13.2
부산,연제구,10.0,9.3,12.8,18.4,15.9,16.3,15.0,14.3,13.7,15.6,19.3,10.3,9.0,13.8,8.9,11.6,10.7
부산,영도구,17.6,15.9,13.2,18.1,13.7,16.7,13.5,18.1,13.9,15.9,16.4,13.2,10.6,8.8,16.2,13.3,14.4
부산,중구,12.8,16.0,13.0,17.9,13.6,20.5,16.5,16.4,17.2,16.1,20.2,17.0,12.3,13.3,12.1,14.6,12.2
부산,해운대구,13.0,13.5,9.8,16.2,14.6,14.9,14.2,14.3,16.4,14.7,19.4,12.3,11.1,9.3,11.8,9.7,12.0
대구,남구,13.9,13.7,11.8,12.9,9.4,10.1,10.2,12.3,13.5,11.7,13.4,9.6,12.8,12.8,12.4,12.8,10.8
대구,달서구,9.7,10.0,8.8,13.7,11.9,10.9,13.6,14.9,11.3,12.1,10.8,11.2,9.5,10.7,7.3,10.7,10.5
대구,달성군,14.5,14.2,10.5,14.0,13.3,10.9,12.4,14.0,12.0,14.8,12.2,13.9,9.9,7.6,10.5,9.7,9.8
대구,동구,13.0,12.8,10.8,12.4,12.4,12.4,14.9,12.9,12.1,13.7,14.1,15.1,8.0,11.8,12.1,10.9,9.9
대구,북구,14.9,12.2,10.1,13.4,12.2,14.3,13.6,14.9,13.5,13.6,11.6,10.6,9.8,8.4,10.1,12.8,11.3
대구,서구,19.2,16.4,18.1,13.7,13.8,15.4,14.6,15.1,18.3,17.2,16.4,15.8,10.6,13.7,13.4,10.4,11.3
대구,수성구,10.9,14.6,10.6,9.6,10.2,11.4,11.2,9.3,10.5,10.4,9.0,10.2,6.8,6.5,7.2,8.9,9.3
대구,중구,10.4,15.3,11.0,13.9,12.7,11.9,13.1,15.1,15.0,11.3,12.3,12.1,6.1,9.0,11.7,8.8,13.1
대구,군위군,,,,,,,,,,,,,,,,6.3,12.3
인천,강화군,16.6,17.2,10.8,21.6,10.5,17.2,16.7,15.6,12.9,12.9,13.3,11.1,8.2,13.6,16.0,11.7,9.7
인천,계양구,15.0,11.8,13.2,16.2,13.0,12.3,12.2,14.3,17.3,18.1,18.4,15.0,13.5,12.6,14.6,11.7,12.0
인천,미추홀구,17.2,11.3,11.9,16.1,15.6,15.9,17.4,18.0,17.4,18.7,15.7,17.6,12.9,14.9,15.5,15.5,15.5
인천,남동구,13.4,12.8,11.2,16.5,17.7,13.7,18.4,16.9,15.1,18.8,15.9,14.3,12.0,10.4,12.7,13.7,14.0
인천,동구,15.5,12.3,14.2,11.5,16.3,15.6,13.3,14.1,16.7,16.2,15.2,17.1,15.5,13.0,12.6,15.4,14.1
인천,부평구,14.3,11.4,10.2,14.1,14.2,13.0,15.5,11.6,13.0,12.9,15.1,14.1,10.5,11.8,13.1,13.4,13.0
인천,서구,15.0,12.7,12.5,18.4,11.3,16.2,17.6,14.5,17.4,15.7,15.3,12.2,13.1,14.0,10.9,11.0,10.8
인천,연수구,14.1,9.7,13.5,17.8,13.8,13.9,14.4,15.4,16.5,15.9,16.6,15.9,12.5,9.9,11.5,10.9,10.9
인천,옹진군,19.1,12.6,17.5,18.8,17.1,16.5,18.8,18.3,25.6,27.1,19.4,24.8,18.1,19.5,14.5,17.1,23.4
인천,중구,19.6,14.1,14.1,14.8,12.9,17.4,16.7,11.3,16.5,18.9,12.2,12.2,10.0,9.0,12.7,12.1,10.3
광주,광산구,10.3,9.1,7.1,15.4,10.3,15.4,13.0,14.3,8.8,10.4,12.2,12.2,9.1,15.2,12.8,11.4,11.3
광주,남구,12.6,9.8,9.4,12.1,12.9,13.6,14.5,12.8,13.5,13.4,14.3,9.7,7.4,9.5,8.2,10.3,11.8
광주,동구,7.5,9.6,8.9,11.4,10.1,13.2,13.3,13.3,12.5,13.7,13.0,12.9,9.4,7.1,8.5,5.3,7.4
광주,북구,12.1,10.5,11.8,12.5,11.5,13.7,13.1,13.2,15.4,12.8,12.9,14.6,11.2,9.9,12.0,8.9,13.4
광주,서구,11.9,7.5,9.0,14.3,11.8,11.0,10.5,13.3,15.4,14.0,11.6,14.7,11.1,13.2,13.6,15.6,14.9
대전,대덕구,12.1,11.9,9.5,11.5,11.2,11.8,16.4,15.9,15.2,13.7,15.2,15.5,10.5,10.3,11.1,14.1,10.2
대전,동구,13.0,9.9,9.8,15.4,16.0,15.1,13.0,16.0,13.6,16.8,16.3,13.4,11.7,8.6,13.0,13.3,9.3
대전,서구,15.0,11.5,8.9,11.0,15.6,14.3,13.4,14.8,10.6,11.2,12.1,8.5,8.8,5.6,8.1,10.5,12.0
대전,유성구,18.3*,11.4,10.0,13.3,8.4,9.9,12.2,9.4,11.9,7.9,7.6,8.5,10.2,7.4,10.0,12.9,10.4
대전,중구,10.0,13.1,15.0,15.9,12.9,15.5,12.7,16.5,18.3,16.8,14.4,16.0,12.8,11.6,10.2,10.6,15.6
울산,남구,17.7,12.3,13.9,15.6,16.9,13.7,15.7,15.0,14.9,16.2,16.6,15.0,12.1,10.7,14.6,13.3,14.5
울산,동구,14.5,12.4,9.8,12.9,11.9,11.3,13.2,16.0,17.6,17.3,15.6,16.3,15.2,10.7,14.9,13.5,16.3
울산,북구,14.2,10.1,6.8,13.3,9.4,11.8,12.6,15.4,15.6,14.7,13.0,13.9,12.5,11.5,13.4,12.6,14.2
울산,울주군,11.8,12.9,9.3,10.6,9.5,13.5,13.5,13.9,15.4,17.4,13.5,12.8,8.5,9.6,14.2,14.9,12.0
울산,중구,11.1,9.8,6.9,14.2,12.1,11.5,16.6,14.1,14.8,15.5,17.3,14.0,10.7,10.8,11.4,13.7,11.9
세종,세종시,,,,,16.3,13.4,13.5,11.2,12.7,13.2,11.0,10.8,6.6,7.6,6.1,9.3,9.5
경기,가평군,17.6,16.2,14.3,19.0,15.1,14.8,17.2,16.5,21.9,16.7,15.8,18.9,10.9,11.2,10.5,14.5,14.5
경기,고양시,14.5,10.5,10.3,11.8,9.1,14.5,15.2,13.9,14.2,13.6,13.4,12.4,10.3,10.6,12.0,12.8,11.7
경기,고양시 덕양구,16.8,11.4,10.2,13.8,9.4,16.4,17.0,14.3,16.1,14.2,13.4,12.9,10.8,12.7,11.6,15.2,12.7
경기,고양시 일산동구,15.7,10.5,9.4,11.6,7.9,13.2,14.0,12.3,10.6,12.2,13.6,13.0,10.3,8.8,12.2,10.9,10.1
경기,고양시 일산서구,9.9,9.0,11.4,9.2,9.9,13.0,13.7,15.1,14.8,14.1,13.1,10.9,9.5,8.8,12.0,10.7,11.5
경기,과천시,9.2,6.2,7.2,7.7,8.4,9.8,10.1,10.4,11.8,6.5,8.9,5.8,6.5,3.9,8.0,7.6,5.2
경기,구리시,16.9,15.9,15.9,16.7,9.8,13.4,14.9,11.3,13.9,15.2,14.1,17.3,11.3,10.7,14.0,12.8,13.9
경기,김포시,13.4,10.1,13.1,9.2,9.9,10.2,17.8,18.7,12.4,10.5,12.2,10.4,11.0,10.1,10.3,10.9,11.7
경기,남양주시,15.6,13.7,7.3,14.8,15.3,18.3,14.2,14.1,15.3,14.4,12.8,12.3,13.2,10.7,12.8,13.0,13.9
경기,남양주시 남양주,,,,,,,,,,,,12.1,14.7,10.6,12.3,14.3,14.4
경기,남양주시 풍양,,,,,,,,,,,,12.5,10.4,10.9,13.7,10.6,13.0
경기,동두천시,20.3,15.2,13.0,17.1,14.8,17.8,17.8,18.5,17.8,21.0,16.9,13.5,10.0,15.6,18.5,15.0,19.2
경기,부천시,11.2,11.2,9.6,14.3,12.1,16.2,13.4,14.1,15.5,17.3,15.4,14.9,11.8,10.8,11.5,12.2,14.0
경기,부천시 소사,11.3,12.7,8.4,14.6,13.0,15.8,11.9,12.5,15.0,13.6,13.2,14.9,7.8,13.0,10.9,13.4,16.5
경기,부천시 오정,11.7,12.2,11.2,16.5,15.0,16.0,16.8,16.0,18.4,20.5,18.8,17.6,11.9,10.7,11.6,12.1,14.3
경기,부천시 원미,10.9,10.1,9.7,13.4,10.4,16.5,12.7,14.2,14.5,17.9,15.4,13.5,14.0,9.7,11.9,11.6,12.6
경기,양주시,21.4,17.6,14.4,15.5,13.2,11.7,15.1,15.4,18.9,12.2,18.0,14.4,10.9,12.0,14.1,14.8,14.4
경기,양평군,15.4,15.4,14.2,17.9,15.3,15.7,15.1,16.5,18.1,16.3,14.8,12.8,16.4,9.9,12.4,13.9,13.6
경기,여주시,14.6,13.0,8.0,12.3,8.7,15.3,18.8,13.3,13.1,16.8,19.0,11.6,12.4,13.1,16.8,16.1,13.9
경기,연천군,12.9,10.6,11.6,18.1,14.7,15.1,24.1,18.1,12.6,18.2,16.1,15.3,10.3,11.4,12.4,14.5,19.3
경기,의정부시,14.6,14.1,13.6,17.3,13.5,18.1,14.3,16.1,17.2,16.2,14.7,18.3,13.1,10.8,14.0,14.0,13.2
경기,이천시,10.0,14.3,15.7,18.3,16.4,17.9,17.8,14.8,15.4,11.7,16.3,15.2,17.5,7.2,11.9,13.4,11.8
경기,파주시,16.2,13.5,15.0,13.0,13.5,14.2,15.3,12.2,12.4,13.9,12.6,13.1,9.7,9.1,9.9,11.8,11.1
경기,포천시,15.1,15.1,11.5,17.0,11.5,15.2,13.0,14.1,15.9,21.7,15.7,13.6,15.5,16.1,15.2,13.9,17.1
경기,하남시,19.3,13.7,12.2,16.3,15.7,13.7,16.9,16.9,17.5,15.8,18.2,13.7,10.0,8.0,7.4,8.8,10.6
경기,광명시,12.8,11.0,8.3,14.5,11.6,13.2,16.2,14.8,13.7,16.7,13.6,14.4,7.1,8.2,8.3,7.5,11.8
경기,광주시,16.1,13.4,12.9,17.9,13.8,14.7,13.7,14.9,15.0,17.3,18.0,19.0,10.0,10.5,14.8,12.0,16.8
경기,군포시,15.6,12.3,9.4,13.2,12.8,15.8,11.4,17.5,11.2,13.2,14.1,12.2,12.7,10.3,15.6,12.6,11.0
경기,성남시,13.1,11.5,9.3,12.0,11.5,12.0,13.0,13.8,14.0,15.7,12.6,14.5,8.9,8.3,9.2,10.0,9.3
경기,성남시 분당구,10.3,8.6,4.7,7.5,8.2,8.9,9.4,9.1,11.3,14.3,7.5,11.8,8.3,7.6,7.0,8.0,6.4
경기,성남시 수정구,19.0,12.1,15.4,16.8,16.4,12.9,18.8,18.2,18.6,15.7,18.9,17.9,10.6,9.5,9.4,11.8,12.6
경기,성남시 중원구,11.4,15.7,11.7,15.4,12.9,16.6,14.3,18.3,15.4,18.6,16.9,16.6,8.6,9.0,14.1,12.1,11.8
경기,수원시,14.4,13.3,10.2,14.7,11.4,13.3,14.1,13.8,15.0,13.7,14.7,12.3,9.8,9.7,11.2,12.1,11.2
경기,수원시 권선구,18.2,14.7,11.8,16.0,12.7,16.1,16.1,15.5,16.5,14.9,16.5,12.7,12.6,12.1,11.5,13.4,13.2
경기,수원시 영통구,13.0,12.0,8.0,12.0,8.9,11.1,11.2,10.8,12.4,15.0,13.2,11.5,8.5,7.7,9.8,8.5,9.1
경기,수원시 장안구,13.3,13.5,10.1,17.0,10.8,12.7,12.9,13.2,15.8,11.9,13.5,14.8,10.4,11.6,12.5,15.7,10.7
경기,수원시 팔달구,12.7,12.6,10.6,13.1,13.3,12.8,16.6,16.6,15.5,11.4,15.4,9.0,4.9,6.3,11.3,11.5,11.3
경기,시흥시,19.4,15.5,14.3,15.3,12.7,15.0,18.3,14.6,16.1,17.1,12.4,14.7,11.5,9.7,12.6,12.6,11.6
경기,안산시,15.9,15.7,12.5,12.7,15.4,15.5,17.5,16.8,15.5,19.0,17.9,17.4,14.3,13.7,15.1,17.2,16.3
경기,안산시 단원구,15.3,15.4,13.1,12.8,15.4,17.0,18.2,17.6,14.1,18.0,16.1,18.3,15.4,11.7,15.5,16.0,13.1
경기,안산시 상록구,16.4,16.0,12.1,12.7,15.3,14.1,16.9,16.1,16.7,19.7,19.5,16.6,13.4,15.5,14.7,18.3,19.2
경기,안성시,14.8,16.0,13.2,13.2,12.1,12.9,17.8,16.1,18.3,17.4,19.5,16.0,14.4,15.7,12.7,12.0,16.1
경기,안양시,16.8,17.2,12.8,14.2,13.4,15.5,17.0,15.2,15.2,13.1,13.7,12.2,9.6,9.4,11.3,10.6,11.7
경기,안양시 동안구,17.5,15.4,11.6,13.3,13.7,14.7,16.0,13.1,14.2,12.7,13.2,11.0,8.3,8.7,11.0,9.6,9.2
경기,안양시 만안구,15.8,19.5,14.3,15.4,13.2,16.8,18.4,18.2,16.5,13.7,14.5,13.8,11.4,10.2,11.7,11.8,15.1
경기,오산시,17.7,14.9,10.5,14.8,14.1,15.2,15.0,16.9,13.7,16.6,15.8,15.8,14.1,13.1,11.7,9.5,12.9
경기,용인시,12.3,12.9,11.7,13.1,12.4,12.5,14.9,14.2,11.6,12.9,13.6,13.1,9.6,9.5,12.1,12.7,12.0
경기,용인시 기흥구,11.8,9.7,11.3,12.1,9.2,11.9,11.6,11.9,12.3,11.5,12.1,11.8,7.9,7.2,13.0,10.5,10.0
경기,용인시 수지구,10.1,13.5,9.3,13.6,14.5,11.4,15.0,14.6,9.6,10.9,13.0,10.1,9.2,6.9,10.0,9.4,10.7
경기,용인시 처인구,15.7,17.0,15.6,14.5,14.5,15.2,20.5,18.1,13.8,18.2,17.1,19.5,12.9,17.0,13.3,21.2,17.1
경기,의왕시,15.2,11.8,11.5,10.4,13.3,14.2,14.6,17.6,13.3,14.9,16.1,10.6,11.5,10.6,11.4,10.9,10.6
경기,평택시,14.5,11.6,12.4,15.9,12.9,12.8,16.7,18.0,16.0,15.2,13.3,13.6,8.7,10.8,12.8,15.4,14.1
경기,평택시 송탄,14.4,12.5,10.6,15.7,11.9,13.2,14.0,17.2,14.6,14.9,14.7,13.8,10.6,10.5,13.1,15.6,13.8
경기,평택시 평택,14.5,11.0,13.6,16.0,13.6,12.5,18.4,18.4,16.8,15.4,12.7,13.6,7.6,11.0,12.7,15.3,14.3
경기,화성시,14.9,13.2,9.0,12.8,9.8,12.1,14.0,13.4,17.1,14.6,14.4,11.9,7.6,9.7,11.5,12.8,11.3
경기,화성시 서부,,,,,,,,,,,,,,,14.1,16.1,14.1
경기,화성시 동탄,,,,,,,,,,,,,,,8.1,9.0,7.9
경기,화성시 동부,,,,,,,,,,,,,,,12.9,14.5,12.7
강원,강릉시,15.4,16.7,14.0,15.0,12.8,18.7,17.6,20.1,17.7,18.9,16.3,15.1,13.0,16.1,18.7,17.4,18.6
강원,고성군,12.0,12.6,17.2,13.4,13.5,20.3,21.0,18.6,18.8,11.9,19.0,14.7,10.1,13.7,14.8,17.2,17.6
강원,동해시,20.5,19.5,14.9,20.2,14.6,16.0,14.6,17.4,15.7,16.2,18.2,17.4,17.9,14.6,14.8,15.5,19.1
강원,삼척시,17.7,16.3,18.6,16.0,17.8,17.0,16.1,18.7,17.9,14.8,17.2,18.2,11.6,14.3,18.7,16.6,16.2
강원,속초시,19.5,18.5,18.6,14.8,20.6,18.3,17.6,15.6,17.3,18.8,13.4,12.3,11.3,12.5,16.0,19.0,17.0
강원,양구군,15.1,17.5,8.7,15.2,9.6,18.2,14.1,14.6,19.6,17.9,21.9,13.8,15.7,16.7,21.5,18.3,21.5
강원,양양군,17.3,15.9,15.7,20.9,17.2,19.4,20.2,20.7,17.3,16.9,20.0,15.1,9.8,12.9,16.8,16.4,16.3
강원,영월군,17.2,15.5,17.3,21.5,22.2,17.2,17.0,16.8,17.2,18.3,23.2,17.1,14.4,19.6,8.6,11.2,19.7
강원,원주시,18.6,15.1,14.6,20.5,14.4,15.2,16.9,21.9,14.4,19.4,18.2,16.5,14.7,12.7,14.9,15.5,11.7
강원,인제군,16.7,12.6,11.5,15.9,11.5,16.9,20.1,20.8,20.3,18.2,22.0,17.5,12.7,14.9,15.8,16.1,15.3
강원,정선군,17.9,19.2,15.1,18.1,18.5,17.2,18.0,19.1,20.2,13.7,16.8,14.7,18.8,16.2,22.1,18.4,17.0
강원,철원군,15.7,16.9,9.5,10.4,6.4,8.4,8.5,7.9,11.4,13.5,14.6,18.7,14.6,14.8,20.0,15.6,15.9
강원,춘천시,20.2,14.8,15.1,13.5,17.0,18.4,16.5,17.8,18.8,18.0,17.0,16.4,14.5,14.5,14.5,18.2,17.2
강원,태백시,17.6,16.6,17.2,16.5,17.8,17.6,17.9,15.0,18.7,18.4,23.8,23.6,16.1,14.3,14.2,13.6,13.2
강원,평창군,17.4,16.3,14.1,14.3,16.5,14.9,20.6,19.0,20.3,23.4,18.1,20.2,16.8,14.1,15.3,16.1,16.8
강원,홍천군,17.2,12.9,14.6,16.2,19.6,20.6,19.7,19.7,17.6,18.4,21.7,15.4,17.1,18.1,20.6,19.9,11.9
강원,화천군,11.4,14.1,12.0,15.3,13.5,19.3,20.0,18.9,17.2,16.8,18.7,15.2,14.4,13.8,13.4,13.2,14.5
강원,횡성군,18.0,13.2,9.3,23.0,13.2,15.8,17.5,18.0,14.8,23.1,18.1,15.1,14.1,14.4,16.8,15.6,22.9
충북,괴산군,13.8,11.0,11.9,18.1,10.8,20.2,19.7,13.5,15.1,18.4,15.2,14.2,14.5,14.9,12.5,14.7,12.7
충북,단양군,13.4,9.4,7.6,21.2,13.8,13.7,21.3,15.1,18.0,16.9,17.3,18.0,10.2,14.1,13.6,10.5,11.7
충북,보은군,12.6,9.7,4.8,14.0,12.8,13.4,17.6,11.2,12.9,17.8,17.5,15.7,15.8,11.4,13.7,18.9,12.6
충북,영동군,15.2,8.2,7.0,15.0,6.3,13.4,9.8,11.9,11.9,11.0,11.5,9.9,4.6,12.2,11.6,13.1,11.5
충북,옥천군,15.7,14.1,9.7,13.8,15.2,13.0,14.0,18.6,13.9,18.0,11.7,13.0,12.8,10.6,10.5,14.4,16.0
충북,음성군,14.0*,11.2,11.6,17.3,14.5,17.1,20.1,21.2,21.5,17.6,14.9,17.3,10.7,14.7,16.1,17.9,14.7
충북,제천시,7.9,17.0,12.2,10.6,9.8,19.4,19.0,16.4,16.4,23.5,15.6,22.2,10.3,11.9,16.3,15.4,15.5
충북,증평군,20.4,13.3,14.4,15.7,10.4,13.6,16.0,12.3,13.8,17.8,15.8,16.6,22.5,12.3,17.1,14.9,14.1
충북,진천군,17.7,14.7,12.9,19.2,11.7,12.9,13.5,15.2,14.3,14.5,14.6,15.6,13.2,14.7,16.0,16.4,18.4
충북,청원군,10.0,12.9,9.9,16.2,12.8,13.5,,,,,,,,,,,
충북,청주시,13.0,12.3,13.3,13.9,13.1,14.3,,,,,,,,,,,
충북,청주시 상당구,12.3,12.8,12.9,13.1,10.6,13.6,,,,,,,,,,,
충북,청주시 흥덕구,13.4,11.9,13.5,14.2,14.5,14.6,,,,,,,,,,,
충북,청주시,,,,,,,16.4,16.4,17.4,15.5,16.4,18.4,13.4,12.3,15.2,16.3,15.4
충북,청주시 상당구,,,,,,,15.7,19.7,18.8,15.5,19.5,18.4,14.8,11.4,17.7,17.2,17.1
충북,청주시 서원구,,,,,,,13.0,16.0,18.4,12.7,16.5,18.3,10.8,11.9,15.3,15.1,18.6
충북,청주시 흥덕구,,,,,,,18.8,14.1,17.0,16.2,16.1,20.6,14.3,11.9,13.6,15.7,13.8
충북,청주시 청원구,,,,,,,17.9,17.7,15.9,17.2,13.8,15.2,12.8,13.8,14.5,17.3,13.7
충북,충주시,17.0,14.2,14.9,17.3,16.7,16.6,18.8,13.4,18.5,20.6,17.2,15.9,16.7,12.3,13.8,16.2,17.0
충남,계룡시,13.8,8.8,13.5,10.8,11.2,13.0,12.4,13.7,13.0,14.9,14.4,12.2,9.1,10.7,8.1,13.2,11.7
충남,공주시,10.7,16.8,9.6,17.0,8.3,14.3,15.5,11.6,12.6,17.0,18.2,13.0,11.4,13.4,13.1,14.4,10.7
충남,금산군,10.4,6.1,9.1,8.5,7.1,15.3,12.9,13.9,19.3,16.4,15.8,12.6,9.3,15.0,9.2,13.2,9.7
충남,논산시,13.9,13.2,10.3,12.6,9.6,12.0,15.4,15.8,17.6,17.5,16.2,11.8,12.5,10.5,9.5,13.7,10.7
충남,당진시,10.4,9.8,7.4,16.1,10.9,14.5,17.0,17.8,17.5,20.0,16.8,16.8,12.5,15.2,15.8,17.2,14.3
충남,보령시,15.4,16.0,13.3,18.2,13.1,11.6,17.7,21.6,17.3,21.6,21.4,10.6,11.4,14.4,11.6,14.0,10.7
충남,부여군,12.7,10.5,5.6,12.0,7.7,15.1,14.3,13.0,18.2,12.7,10.6,14.1,10.6,7.2,10.2,10.9,9.6
충남,서산시,11.6,15.2,8.1,14.1,7.1,9.8,12.8,12.4,12.6,16.2,10.6,16.6,11.8,10.4,12.8,14.4,14.8
충남,서천군,9.0,11.6,12.8,13.5,10.1,10.1,16.8,20.9,13.6,12.1,12.4,9.5,7.3,8.3,11.4,17.2,13.1
충남,아산시,12.0,11.2,14.3,15.7,10.8,13.7,16.7,14.9,14.6,14.8,15.4,14.9,12.9,10.2,14.4,14.3,13.0
충남,연기군,11.3,14.5,10.4,17.9,,,,,,,,,,,,,
충남,예산군,9.8,12.2,13.7,16.1,11.0,12.4,10.3,16.0,14.6,15.2,14.7,14.5,14.3,10.0,16.9,17.2,11.8
충남,천안시,14.4,15.8,7.5,14.4,14.9,13.9,13.3,15.4,15.5,15.8,14.5,15.2,12.9,11.7,15.5,12.3,13.6
충남,천안시 서북구,,,,,,,,,,,,,,,16.8,12.9,14.0
충남,천안시 동남구,,,,,,,,,,,,,,,13.4,11.2,12.8
충남,청양군,6.7,7.6,4.1,13.3,8.8,12.5,17.6,19.5,17.0,17.9,14.7,15.6,8.0,14.8,16.3,17.2,21.5
충남,태안군,13.6,9.4,6.4,9.1,7.7,14.8,17.6,14.6,16.1,16.2,15.4,13.0,12.5,9.1,20.0,21.1,17.9
충남,홍성군,12.4,13.6,10.9,9.3,10.1,14.5,16.0,15.6,14.9,15.3,16.3,13.6,8.3,9.6,12.1,13.7,15.8
전북,고창군,9.8,10.7,11.1,11.4,8.5,13.4,11.7,14.9,11.3,14.0,18.6,10.8,10.5,10.7,12.9,14.6,10.7
전북,군산시,7.5,6.9,7.1,9.8,12.8,14.8,13.7,10.5,15.5,12.2,13.6,10.3,11.9,11.0,8.2,11.0,13.8
전북,김제시,7.0,9.5,8.4,11.3,8.0,13.0,9.9,8.6,6.7,10.1,14.4,13.6,6.6,9.2,9.4,8.3,9.5
전북,남원시,9.0,6.4,10.6,12.6,7.8,17.4,12.0,16.0,19.1,17.1,16.3,15.9,9.5,11.8,11.5,11.0,12.8
전북,무주군,14.7,13.5,7.8,10.6,12.0,14.9,9.5,13.6,11.3,11.9,10.6,14.6,10.6,8.1,11.3,15.2,8.4
전북,부안군,7.6,8.1,7.4,8.0,8.3,5.9,9.7,8.3,12.3,15.6,14.0,12.8,8.4,12.9,11.8,16.5,12.4
전북,순창군,5.1,11.0,5.8,8.4,6.3,10.2,9.2,11.4,9.0,10.3,9.6,22.1,12.6,13.0,13.8,12.0,14.8
전북,완주군,7.8,8.3,4.4,11.0,8.2,9.2,6.9,12.4,12.9,8.4,14.4,15.9,15.7,14.2,14.6,12.4,12.0
전북,익산시,6.4,7.7,9.6,11.1,6.2,10.9,11.5,12.5,13.3,15.2,14.9,9.9,7.7,6.7,11.7,15.5,14.6
전북,임실군,4.3,2.4,8.9,13.3,9.8,7.9,10.5,13.1,10.3,7.2,8.1,19.9,11.2,13.2,13.5,12.4,8.1
전북,장수군,9.2,11.7,7.9,10.2,10.8,13.2,13.8,12.4,13.4,10.8,9.9,10.5,8.1,10.8,14.2,15.5,12.2
전북,전주시,11.2,7.5,11.1,14.7,12.4,14.2,13.7,17.7,12.3,9.0,13.0,12.5,9.1,13.3,14.5,14.4,12.7
전북,정읍시,6.7,7.1,8.2,11.6,8.7,11.4,16.6,15.5,14.6,15.2,13.2,12.8,14.6,12.4,16.0,15.3,20.9
전북,진안군,6.2,5.8,5.6,7.1,7.1,14.5,18.7,11.8,11.8,8.1,5.8,5.9,5.3,5.6,12.3,11.7,10.9
전남,강진군,11.0,9.1,4.0,5.7,6.1,7.0,15.8,16.9,11.7,13.2,18.8,14.0,9.3,14.8,11.1,9.7,11.8
전남,고흥군,5.9,8.4,6.1,9.4,9.1,11.7,14.0,13.5,9.5,8.5,7.3,10.6,6.0,6.2,9.1,9.1,14.2
전남,곡성군,6.0,9.5,5.9*,12.4,10.9,8.3,9.6,12.8,10.2,11.6,7.7,8.7,9.9,13.8,9.1,9.6,12.6
전남,광양시,11.0,11.5,13.0,12.7,10.3,15.4,13.6,18.9,16.7,15.0,14.1,15.7,10.9,9.2,17.1,18.0,16.1
전남,구례군,6.8,5.0,4.2,17.4,8.5,14.8,11.6,16.8,13.8,15.8,17.1,12.2,8.1,12.4,10.9,13.5,13.4
전남,나주시,10.6,9.4,5.4,8.4,6.5,11.0,15.1,13.3,15.3,12.4,15.4,11.8,11.2,8.1,12.8,9.8,10.8
전남,담양군,10.7,8.6,5.8,13.0,6.6,9.4,14.7,12.3,13.4,8.3,17.4,14.4,6.9,10.5,11.2,11.5,15.2
전남,목포시,12.5,11.6,9.0,13.8,11.5,12.6,13.7,15.4,20.5,17.7,16.8,17.4,9.9,14.5,14.4,16.9,16.4
전남,무안군,11.6,8.4,5.4,10.9,8.9,10.1,14.3,15.4,10.9,12.8,11.0,8.0,6.2,6.5,7.8,10.7,13.0
전남,보성군,13.1,10.2,3.6,11.8,4.9,14.7,14.0,13.7,9.5,12.2,15.1,15.5,10.4,14.6,6.9,13.9,12.6
전남,순천시,10.9,12.7,7.1,12.4,8.8,10.9,14.3,12.1,12.5,15.9,16.4,17.2,10.2,9.1,14.4,12.4,11.4
전남,신안군,7.9*,10.1,10.6,11.4,10.3,9.8,11.1,11.3,5.2,10.1,13.5,20.1,12.5,12.8,14.8,13.5,6.1
전남,여수시,10.4,10.3,5.2,11.3,13.2,15.2,17.7,11.4,14.3,14.6,15.4,17.5,16.8,11.5,18.2,16.6,16.3
전남,영광군,3.3,6.7,5.2,15.3,7.7,9.0,12.7,9.6,12.2,11.0,18.8,9.9,10.9,17.6,13.7,12.3,18.2
전남,영암군,8.1,8.1,2.9,6.5,5.8,5.7,9.7,13.7,9.6,15.3,13.3,11.3,10.8,6.0,11.0,12.1,8.7
전남,완도군,15.5,7.8,11.5,11.0,9.6,18.1,22.4,20.9,19.0,23.9,10.8,16.5,19.7,12.9,11.9,15.3,15.9
전남,장성군,5.8,8.1,12.1,18.8,6.4,9.8,12.8,12.9,11.5,8.7,15.7,12.0,9.8,8.7,8.0,10.1,14.6
전남,장흥군,7.9,5.0,6.4,3.2,7.7,8.3,8.8,7.0,13.8,21.1,16.3,13.9,10.6,14.4,10.8,17.4,12.4
전남,진도군,9.2,8.4,4.5,8.5,3.5,10.6,8.2,19.7,14.9,14.7,19.4,12.4,13.7,15.1,10.9,17.2,13.7
전남,함평군,10.7,6.9,13.3,12.2,11.7,17.0,13.6,14.6,13.8,12.8,8.4,9.3,4.9,11.5,8.8,8.2,10.2
전남,해남군,10.1,6.3,7.8,14.5,13.6,13.7,14.2,16.4,10.4,16.0,17.3,17.0,14.0,15.0,10.4,10.8,13.9
전남,화순군,10.0,7.5,11.8,11.1,9.0,14.4,12.1,10.6,11.0,15.0,17.3,12.0,9.9,8.3,10.6,11.4,10.0
경북,경산시,10.1,12.7,6.6,9.6,7.2,7.7,11.8,11.1,15.3,15.4,15.8,14.5,8.4,10.3,11.5,14.0,9.5
경북,경주시,9.6,9.7,10.1,12.9,6.8,16.4,15.8,15.1,16.8,15.5,20.3,13.3,9.7,10.5,10.5,11.9,13.8
경북,고령군,15.4,12.8,12.8,15.2,14.8,15.7,14.6,14.2,14.9,17.4,16.8,17.4,15.5,10.9,12.8,15.9,7.4
경북,구미시,15.7,12.9,14.6,15.5,12.5,17.5,16.1,17.7,16.4,17.8,18.2,13.6,14.3,12.9,14.6,14.9,12.5
경북,구미시 구미,16.1,13.8,15.8,14.9,12.6,18.4,16.0,18.4,16.3,18.2,18.1,13.3,14.4,13.5,15.2,15.0,12.6
경북,구미시 선산,13.2,7.5,9.3,17.1,13.3,15.0,16.1,12.6,15.9,15.5,18.9,15.1,14.2,10.1,12.2,13.7,11.8
경북,군위군,11.6,8.7,5.7,8.8,8.1,17.1,11.3,9.6,9.0,15.2,14.5,9.3,5.7,9.6,9.4,,
경북,김천시,8.2,8.0,9.1,11.3,9.0,10.2,14.0,15.6,14.0,13.7,13.3,12.1,13.4,12.3,9.7,10.1,11.9
경북,문경시,9.3,8.9,6.3,10.1,5.9,15.9,16.7,17.7,14.5,16.0,14.4,15.7,10.6,13.3,14.3,14.1,17.4
경북,봉화군,16.5,11.0,12.7,14.2,9.4,15.0,17.8,20.7,13.8,16.7,14.9,11.9,9.2,13.3,8.7,12.0,9.4
경북,상주시,11.4,13.6,13.3,13.1,14.3,17.1,13.6,14.6,13.3,12.4,18.5,10.1,9.0,10.8,12.1,9.8,10.5
경북,성주군,10.3,8.5,6.1,9.9,17.6,14.1,13.6,16.6,11.6,10.5,10.5,11.9,12.5,10.1,11.3,12.6,9.9
경북,안동시,10.7,15.5,13.6,13.4,15.7,15.6,16.1,17.8,15.6,15.8,12.9,17.4,12.2,9.4,16.3,13.1,13.6
경북,영덕군,18.6,11.4,13.6,16.1,6.8,9.9,13.2,13.7,11.2,8.9,12.6,12.9,13.0,13.5,14.5,12.5,16.0
경북,영양군,12.5,9.8,10.0,13.0,10.9,13.5,9.9,16.6,15.8,11.6,13.4,11.4,17.0,8.3,8.0,11.3,11.0
경북,영주시,13.6,15.3,12.8,14.6,14.3,17.7,18.0,16.2,18.6,18.0,12.2,12.8,10.3,14.0,11.1,14.0,14.5
경북,영천시,12.8,14.6,9.4,12.5,11.4,16.0,16.5,17.6,16.7,16.0,15.5,12.9,12.4,8.9,15.5,12.9,13.0
경북,예천군,11.9,9.3,9.1,15.4,7.4,12.4,14.1,12.1,13.0,14.6,11.5,14.7,9.1,9.2,10.0,13.2,10.5
경북,울릉군,20.7,12.7,11.8,22.0,11.6,14.8,21.2,18.3,14.4,6.9,13.1,10.7,7.7,10.3,12.4,14.5,12.7
경북,울진군,7.2,9.3,7.4,10.4,12.3,13.4,12.0,9.3,11.3,15.1,14.7,12.3,12.1,12.1,12.4,17.9,8.9
경북,의성군,10.7,12.0,9.7,13.0,10.9,13.3,12.3,12.2,13.0,18.1,11.7,10.4,9.2,9.3,7.1,6.5,8.0
경북,청도군,9.1,7.1,8.9,8.7,7.5,8.7,14.5,14.9,12.9,11.4,13.8,17.0,11.9,9.9,10.6,7.3,8.2
경북,청송군,13.0,13.2,12.3,12.8,9.7,11.2,12.0,12.7,9.2,16.3,12.5,11.8,14.3,8.9,11.6,11.5,7.4
경북,칠곡군,13.0,10.8,11.5,12.8,11.0,11.5,14.3,15.9,13.4,14.0,13.2,18.5,10.4,11.7,12.8,8.7,10.6
경북,포항시,12.6,11.0,11.0,18.4,15.8,14.3,16.9,14.9,13.7,16.6,12.1,15.2,11.7,12.3,12.9,13.5,12.0
경북,포항시 남구,12.6,12.2,10.1,19.2,20.4,15.6,19.3,14.7,11.7,17.5,11.1,15.0,12.0,11.6,14.3,16.2,14.1
경북,포항시 북구,12.6,9.7,11.9,17.6,11.3,13.1,14.7,15.2,15.6,15.8,13.2,15.3,11.5,12.9,11.8,11.0,10.1
경남,거제시,18.6,12.6,15.0,15.0,13.1,16.5,17.1,14.0,15.7,15.3,16.6,15.9,11.1,10.9,13.0,11.8,12.3
경남,거창군,11.6,8.2,4.6,17.6,12.9,16.6,15.7,22.4,18.3,17.3,12.5,18.3,12.1,13.4,13.6,14.7,15.8
경남,고성군,13.3,2.9*,7.8,11.2,13.0,16.6,20.0,21.4,16.2,17.4,16.7,19.3,14.6,12.0,18.2,15.0,15.4
경남,김해시,9.0,11.3,15.4,13.4,15.9,14.9,17.1,15.4,13.9,13.5,16.1,17.5,8.4,11.5,13.3,14.3,15.7
경남,남해군,15.6,14.7,16.8,17.4,16.1,18.4,14.8,20.6,15.7,22.0,19.3,18.2,18.2,16.2,11.0,16.7,13.3
경남,창원시,13.5,11.6,15.3,15.4,14.5,17.1,17.3,17.3,17.0,15.8,15.1,15.4,10.0,9.4,13.4,13.4,13.8
경남,창원시 마산,13.4,9.6,12.5,13.9,13.5,16.6,14.6,14.7,17.1,14.0,14.0,14.0,9.5,9.9,14.6,11.7,14.6
경남,창원시 진해,11.2,14.9,15.9,16.6,17.1,22.0,20.5,16.8,17.8,20.6,14.6,15.8,10.2,10.0,15.1,13.6,17.8
경남,창원시 창원,14.2,12.0,17.2,16.1,14.2,16.0,18.0,19.5,16.6,15.5,15.7,16.1,10.4,8.6,11.8,14.4,11.6
경남,밀양시,11.7,8.2,9.7,11.4,9.9,13.4,14.2,13.5,15.7,12.2,16.3,12.4,8.8,14.0,10.5,13.6,11.6
경남,사천시,10.5,10.4,15.1,13.1,13.4,17.5,19.9,18.8,16.6,15.5,16.7,14.7,16.2,14.8,15.4,13.6,17.1
경남,산청군,5.4,6.9,14.3,11.3,9.7,12.2,13.2,13.4,12.4,12.0,17.8,11.3,10.6,10.2,14.7,10.1,13.0
경남,양산시,7.5,6.2,16.0,15.4,14.9,15.2,18.2,18.8,16.6,19.0,14.8,15.7,12.5,13.1,12.6,13.5,10.9
경남,의령군,10.1,8.8,12.8,10.1,8.2,12.7,14.4,10.5,13.2,18.3,22.1,15.7,12.6,8.2,10.3,13.9,10.5
경남,진주시,14.3,15.9,15.8,13.5,16.7,15.8,14.6,16.1,15.8,17.0,17.6,15.7,12.6,12.5,15.4,17.4,13.9
경남,창녕군,6.6,8.3,12.7,13.6,7.7,14.7,13.5,18.2,12.2,15.6,13.4,11.4,8.3,5.7,9.6,9.8,10.9
경남,통영시,14.8,15.3,13.6,16.6,15.0,16.0,13.4,15.5,17.2,18.8,18.4,11.3,13.5,9.9,17.0,14.9,13.8
경남,하동군,10.1,12.1,12.5,10.7,16.2,15.5,14.1,14.7,14.9,13.4,15.6,15.2,13.6,11.0,12.8,16.3,12.0
경남,함안군,6.2,7.8,9.8,12.1,13.3,17.4,15.3,12.6,11.4,13.4,13.3,12.8,12.2,10.6,11.4,8.2,8.8
경남,함양군,8.6,11.1,13.7,10.8,7.6,13.3,13.5,16.0,18.9,15.9,13.9,18.9,10.2,10.4,13.2,13.6,16.2
경남,합천군,15.5,10.0,1.8*,7.7,11.2,9.9,13.7,16.5,13.9,15.1,19.6,18.2,15.1,18.1,15.8,21.6,15.3
제주,서귀포시,13.2,13.3,14.5,18.3,14.9,17.4,15.8,16.9,16.4,16.1,16.2,17.2,15.5,13.2,17.4,13.3,12.8
제주,서귀포시 서귀포,13.2,11.7,15.9,19.0,15.1,17.2,16.0,15.0,16.4,15.8,14.6,15.5,14.7,11.6,18.1,12.9,13.3
제주,서귀포시 동부,13.4,18.2,14.5,17.1,13.9,16.9,16.8,21.6,16.5,17.1,20.7,20.7,17.7,16.0,17.1,16.0,12.0
제주,서귀포시 서부,12.9,10.6,10.0,17.7,15.8,18.6,12.6,15.4,16.4,15.0,14.9,17.3,15.1,14.6,14.2,11.2,12.1
제주,제주시,11.7,14.5,12.8,18.6,14.3,15.5,17.6,13.9,17.5,13.5,15.1,12.9,12.6,12.9,12.6,14.1,14.1
제주,제주시 제주,12.2,14.6,13.2,20.0,14.5,14.9,17.4,13.1,18.5,12.7,14.6,13.3,12.2,12.3,12.5,14.5,14.0
제주,제주시 동부,13.3,15.2,10.2,12.2,9.9,14.2,15.8,17.6,13.5,13.7,15.3,10.6,12.2,10.1,12.2,12.3,13.9
제주,제주시 서부,7.5,13.3,12.2,15.3,15.8,19.5,19.3,16.9,13.2,18.0,17.7,11.1,14.7,18.8,14.0,12.5,15.2
